City_ID,City,Lat,Lng,Max Temp,Humidity,Cloudiness,Wind Speed,Country,Date
0,lompoc,34.6391,-120.4579,18.85,55,0,2.68,US,1699550126
1,alice springs,-23.7,133.8833,18.75,48,76,3.09,AU,1699549991
2,isafjordur,66.0755,-23.124,4.02,65,75,8.23,IS,1699550108
3,irymple,-34.25,142.1667,20.59,36,1,3.11,AU,1699550240
4,mary,37.0,62.5,14.04,33,89,6.39,TM,1699550240
5,piti village,13.4626,144.6933,28.03,88,20,4.12,GU,1699550241
6,ilulissat,69.2167,-51.1,-1.99,74,75,5.14,GL,1699550242
7,college,64.8569,-147.8028,2.99,60,100,4.63,US,1699550107
8,tvoroyri,61.5556,-6.8111,8.31,81,76,8.11,FO,1699550243
9,blackmans bay,-43.0167,147.3167,13.62,95,2,2.64,AU,1699550243
10,guerrero negro,27.9769,-114.0611,21.15,56,0,0.83,MX,1699549859
11,arraial do cabo,-22.9661,-42.0278,29.92,37,0,7.2,BR,1699550245
12,stanley,54.868,-1.6985,6.55,86,20,1.54,GB,1699550245
13,iqaluit,63.7506,-68.5145,-0.15,69,75,4.12,CA,1699550090
14,pandan,14.0453,124.1694,27.06,85,12,4.88,PH,1699550246
15,port-aux-francais,-49.35,70.2167,5.47,95,100,11.61,TF,1699550247
16,adamstown,-25.066,-130.1015,22.44,87,100,7.0,PN,1699550104
17,jizzax,40.1158,67.8422,10.29,46,27,1.54,UZ,1699550248
18,thinadhoo,0.5333,72.9333,27.35,78,93,2.84,MV,1699550249
19,naze,28.3667,129.4833,23.51,78,73,4.14,JP,1699550249
20,kapuskasing,49.4169,-82.4331,-1.0,86,100,5.66,CA,1699550131
21,bethel,41.3712,-73.414,12.49,73,100,1.54,US,1699550251
22,albany,42.6001,-73.9662,8.13,72,98,1.89,US,1699550065
23,saldanha,-33.0117,17.9442,19.03,78,0,8.22,ZA,1699550252
24,huntsville,34.7304,-86.5861,23.0,72,100,3.09,US,1699550100
25,tabas,33.5959,56.9244,17.12,31,0,2.06,IR,1699550253
26,kingston,17.997,-76.7936,29.0,53,16,2.06,JM,1699549892
27,port mathurin,-19.6833,63.4167,25.02,71,1,6.72,MU,1699550115
28,kuanda,56.3161,116.0806,-15.88,89,100,0.63,RU,1699550255
29,margaret river,-33.95,115.0667,13.08,62,81,4.57,AU,1699550256
30,nizhnedevitsk,51.5419,38.3657,9.17,81,100,7.81,RU,1699550256
31,queimadas,-10.9783,-39.6264,31.06,43,92,5.23,BR,1699550257
32,hawaiian paradise park,19.5933,-154.9731,22.8,88,40,2.57,US,1699550258
33,saint-pierre,-21.3393,55.4781,24.82,69,0,2.57,RE,1699550073
34,west island,-12.1568,96.8225,25.99,89,70,4.63,CC,1699550259
35,cabo san lucas,22.8909,-109.9124,29.31,63,0,1.54,MX,1699550260
36,puerto natales,-51.7236,-72.4875,14.25,35,20,12.86,CL,1699550260
37,ushuaia,-54.8,-68.3,10.81,35,40,7.2,AR,1699550261
38,badger,64.8,-147.5333,2.95,60,100,4.63,US,1699550261
39,palikir - national government center,6.9248,158.1611,26.41,89,100,2.06,FM,1699550262
40,ola,59.5833,151.2833,-18.44,85,3,4.55,RU,1699550262
41,avarua,-21.2078,-159.775,23.03,88,20,2.57,CK,1699550263
42,qamdo,31.1667,97.2333,-2.65,41,92,0.87,CN,1699550264
43,grytviken,-54.2811,-36.5092,1.51,98,99,2.32,GS,1699550109
44,kirakira,-10.4544,161.9205,25.96,89,98,3.95,SB,1699550265
45,colleyville,32.881,-97.155,15.81,79,100,7.2,US,1699550196
46,udachny,66.4167,112.4,-13.08,84,100,1.88,RU,1699550266
47,tiksi,71.6872,128.8694,-18.19,92,100,4.67,RU,1699550211
48,papatowai,-46.5619,169.4708,3.36,82,27,1.33,NZ,1699550267
49,punta arenas,-53.15,-70.9167,11.01,43,75,10.29,CL,1699550268
50,tolanaro,-25.0319,46.9987,22.72,90,100,2.85,MG,1699550268
51,bilibino,68.0546,166.4372,-21.79,99,98,1.16,RU,1699550269
52,mejit,10.2753,170.8646,27.53,80,100,9.32,MH,1699550269
53,kodiak,57.79,-152.4072,-0.27,55,0,4.12,US,1699550270
54,bredasdorp,-34.5322,20.0403,17.21,64,0,4.32,ZA,1699550164
55,jamestown,42.097,-79.2353,7.77,95,100,6.17,US,1699550240
56,afaahiti,-17.75,-149.2833,22.81,86,81,6.69,PF,1699550271
57,port augusta,-32.5,137.7667,26.25,26,13,4.02,AU,1699550272
58,whitehorse,60.7161,-135.0538,3.43,81,40,7.2,CA,1699550272
59,edinburgh of the seven seas,-37.0676,-12.3116,12.97,76,25,6.14,SH,1699550098
60,minas de marcona,-15.2119,-75.1103,20.67,57,42,3.95,PE,1699550273
61,thompson,55.7435,-97.8558,-6.91,79,100,4.63,CA,1699550274
62,kapa'a,22.0752,-159.319,26.18,80,75,9.26,US,1699550274
63,la passe,45.5549,-0.8967,12.13,76,62,10.21,FR,1699550275
64,sambava,-14.2667,50.1667,25.1,86,35,1.4,MG,1699550276
65,atafu village,-8.5421,-172.5159,28.6,69,100,3.0,TK,1699550277
66,glace bay,46.1969,-59.957,7.34,79,75,8.23,CA,1699550277
67,wailua homesteads,22.0669,-159.378,25.44,80,75,9.26,US,1699550278
68,selfoss,63.9331,-20.9971,3.36,61,0,4.94,IS,1699550278
69,dalcahue,-42.3628,-73.7022,12.06,66,0,3.6,CL,1699550279
70,invercargill,-46.4,168.35,1.68,93,12,0.45,NZ,1699550279
71,port alfred,-33.5906,26.891,18.43,85,1,1.79,ZA,1699550280
72,anadyr,64.75,177.4833,-5.72,79,59,4.0,RU,1699550224
73,waitangi,-43.9535,-176.5597,8.55,65,82,13.36,NZ,1699550281
74,gadzhiyevo,69.2551,33.3362,-6.53,92,92,4.18,RU,1699550282
75,ambodifotatra,-16.9833,49.85,26.35,83,8,6.09,MG,1699550283
76,castillos,-34.1667,-53.8333,19.62,40,3,4.19,UY,1699550283
77,charters towers,-20.1,146.2667,19.43,86,7,3.47,AU,1699550284
78,nemuro,43.3236,145.575,12.43,85,85,11.88,JP,1699550285
79,jackson,42.4165,-122.8345,8.58,93,20,0.0,US,1699550054
80,chibougamau,49.9168,-74.3659,-8.21,86,100,3.09,CA,1699550287
81,ngereklmadel,7.4883,134.4856,26.05,89,40,2.06,PW,1699550287
82,porto torres,40.835,8.3972,14.1,89,100,8.04,IT,1699550288
83,quellon,-43.1167,-73.6167,11.89,59,17,4.76,CL,1699550289
84,sandnessjoen,66.0217,12.6316,5.23,56,0,2.57,NO,1699550004
85,utrik,11.2278,169.8474,27.76,78,96,9.53,MH,1699550290
86,tamanrasset,22.785,5.5228,24.95,10,0,2.06,DZ,1699550291
87,hirara,24.8,125.2833,24.92,100,20,3.09,JP,1699550292
88,kawm umbu,24.4767,32.9463,30.77,32,1,4.27,EG,1699550293
89,byron bay,-28.65,153.6167,17.62,89,25,4.15,AU,1699550138
90,suwayr,30.1171,40.3893,24.52,26,0,2.7,SA,1699550294
91,ha tinh,18.3333,105.9,24.43,94,49,0.69,VN,1699550295
92,st. john's,47.5649,-52.7093,7.21,98,100,7.72,CA,1699550226
93,garh maharaja,30.8339,71.9053,23.5,37,11,3.93,PK,1699550296
94,jiuquan,39.7432,98.5174,-0.09,34,95,1.95,CN,1699550297
95,kolonia town,6.964,158.206,27.0,89,100,2.06,FM,1699550297
96,kijang,35.2442,129.2139,14.85,79,100,2.35,KR,1699550298
97,yaren,-0.5472,166.916,29.09,79,100,7.5,NR,1699550299
98,grand falls-windsor,48.9332,-55.6649,2.5,91,100,4.02,CA,1699550299
99,mahina,-17.5065,-149.489,23.75,88,33,8.07,PF,1699550300
100,iskateley,67.6803,53.1512,0.57,100,100,4.02,RU,1699550300
101,boende,-0.2167,20.8667,21.91,97,100,1.05,CD,1699550301
102,vila velha,-20.3297,-40.2925,28.97,67,0,9.26,BR,1699550302
103,villa del totoral,-30.8167,-63.7167,30.47,14,0,5.07,AR,1699550302
104,nema,57.5067,50.5011,4.18,96,100,2.46,RU,1699550303
105,constantia,44.1833,28.65,8.38,46,4,1.06,RO,1699550303
106,mulayjah,27.271,48.4242,26.23,45,0,2.85,SA,1699550304
107,holualoa,19.6228,-155.9522,21.54,81,0,2.68,US,1699550013
108,zaraza,9.3503,-65.3245,34.79,43,21,3.17,VE,1699550306
109,calipatria,33.1256,-115.5142,22.73,17,0,6.73,US,1699550306
110,mount isa,-20.7333,139.5,21.87,88,86,3.09,AU,1699550121
111,north bend,43.4065,-124.2243,8.37,93,100,4.12,US,1699550308
112,mandalgovi,45.7625,106.2708,-13.65,51,0,1.94,MN,1699550308
113,weno,7.4515,151.8468,27.9,82,99,9.48,FM,1699550309
114,punta alta,-38.8759,-62.0736,29.48,22,0,0.64,AR,1699550310
115,ust-nera,64.5667,143.2,-30.63,99,84,1.83,RU,1699550310
116,richards bay,-28.783,32.0377,19.63,75,76,1.92,ZA,1699550311
117,zonguldak,41.25,31.8333,8.34,93,65,0.19,TR,1699550312
118,kayyerkan,69.3786,87.7439,-5.39,85,100,7.59,RU,1699550313
119,carutapera,-1.195,-46.02,30.47,62,79,4.26,BR,1699550313
120,nizhneudinsk,54.9076,99.0276,-15.69,96,11,1.44,RU,1699550314
121,happy valley-goose bay,53.3168,-60.3315,0.17,64,100,4.12,CA,1699550111
122,colonia,50.9333,6.95,11.65,74,75,4.12,DE,1699550315
123,tsarychanka,48.937,34.4786,8.43,74,95,4.93,UA,1699550317
124,susuman,62.7833,148.1667,-30.5,99,93,0.09,RU,1699550317
125,chinde,26.8418,88.0763,12.39,72,3,2.09,NP,1699550319
126,harper,4.375,-7.7169,25.54,87,100,3.02,LR,1699550319
127,kiama,-34.6833,150.8667,15.88,92,99,2.71,AU,1699550111
128,masindi,1.6744,31.715,20.19,88,100,0.28,UG,1699550321
129,port elizabeth,-33.918,25.5701,17.95,78,0,2.06,ZA,1699550322
130,sola,-13.8833,167.55,26.06,83,100,11.93,VU,1699550322
131,yokadouma,3.5167,15.05,22.35,98,100,2.1,CM,1699550323
132,suntar,62.1444,117.6319,-17.53,92,24,2.71,RU,1699550324
133,tromso,69.6496,18.957,1.01,75,75,6.17,NO,1699549858
134,yellowknife,62.456,-114.3525,-1.44,98,100,10.29,CA,1699550118
135,el paraiso,13.8667,-86.55,26.48,60,98,2.42,HN,1699550325
136,inari,68.906,27.0288,-3.89,98,91,2.34,FI,1699550326
137,flin flon,54.7682,-101.865,-2.09,86,100,1.54,CA,1699550327
138,laghouat,33.8,2.8651,17.87,37,73,0.95,DZ,1699550327
139,carnarvon,-24.8667,113.6333,20.45,75,72,9.92,AU,1699550328
140,khandyga,62.6667,135.6,-32.88,100,88,0.99,RU,1699550328
141,watampone,-4.5386,120.3279,24.67,78,57,1.71,ID,1699550329
142,lihue,21.9789,-159.3672,25.77,75,75,9.26,US,1699550330
143,ancud,-41.8697,-73.8203,13.01,57,46,2.52,CL,1699550330
144,alofi,-19.0595,-169.9187,24.94,100,99,2.57,NU,1699550331
145,nantucket,41.2835,-70.0995,10.08,78,100,5.66,US,1699550331
146,galliano,29.4422,-90.2992,28.0,51,75,3.09,US,1699550331
147,yatou,37.15,122.3833,5.36,55,93,9.24,CN,1699550332
148,fort bragg,35.139,-79.006,25.46,56,0,3.6,US,1699550333
149,rongelap,11.1635,166.8941,27.54,80,98,9.98,MH,1699550333
150,hermanus,-34.4187,19.2345,18.59,68,0,5.38,ZA,1699550334
151,longyearbyen,78.2186,15.6401,-2.09,93,100,10.8,SJ,1699550161
152,caleta de carquin,-11.0925,-77.6267,22.07,69,61,5.01,PE,1699550334
153,yelabuga,55.7613,52.0649,5.75,94,100,4.37,RU,1699550336
154,smithers,54.7804,-127.1743,6.18,70,100,4.12,CA,1699550337
155,tahmoor,-34.2167,150.5833,15.57,92,93,0.8,AU,1699550338
156,portland,45.5234,-122.6762,7.57,94,75,2.57,US,1699550286
157,remire-montjoly,4.9167,-52.2667,32.02,58,8,5.66,GF,1699550338
158,ulladulla,-35.35,150.4667,13.2,92,87,1.75,AU,1699550339
159,moramanga,-18.9333,48.2,19.42,96,94,1.39,MG,1699550340
160,yelizovo,53.1873,158.3805,-0.92,54,20,7.15,RU,1699550340
161,pangody,65.85,74.4859,-3.29,85,100,7.89,RU,1699550341
162,katsuura,35.1333,140.3,18.21,79,3,2.01,JP,1699550342
163,kirensk,57.7853,108.1119,-12.24,95,54,0.89,RU,1699550342
164,nadym,65.5333,72.5167,-3.42,88,100,6.77,RU,1699550343
165,menaka,15.9182,2.4022,33.7,7,100,2.03,ML,1699550343
166,flying fish cove,-10.4217,105.6791,25.82,88,75,3.09,CX,1699550344
167,enewetak,11.3474,162.3373,28.34,76,100,9.12,MH,1699550345
168,antonio enes,-16.2325,39.9086,26.67,85,75,2.8,MZ,1699550346
169,zharkent,44.1628,80.0,8.49,82,100,1.1,KZ,1699550346
170,cambria,35.5641,-121.0808,18.95,65,0,0.89,US,1699550347
171,jiazi,22.8779,116.067,23.85,82,68,2.46,CN,1699550347
172,tazovsky,67.4667,78.7,-3.22,86,100,8.64,RU,1699550203
173,trinity beach,-16.7888,145.6968,23.94,81,75,1.54,AU,1699550348
174,pavlodar,52.3,76.95,1.89,87,75,4.0,KZ,1699550349
175,kudahuvadhoo,2.6708,72.8944,27.6,76,69,3.45,MV,1699550350
176,lazarevskoye,43.9061,39.3331,12.97,84,100,1.61,RU,1699550350
177,howrah,22.5892,88.3103,23.0,83,20,0.0,IN,1699550351
178,mae hong son,19.3003,97.9685,22.85,86,8,0.71,TH,1699550351
179,aginskoye,51.1,114.53,-12.53,94,87,3.13,RU,1699550352
180,uliastay,47.7417,96.8444,-7.79,96,100,0.79,MN,1699550352
181,tazacorte,28.629,-17.9293,23.97,66,40,6.17,ES,1699550354
182,eyl,7.9803,49.8164,26.91,73,93,8.02,SO,1699550354
183,alvear,-29.0968,-56.5504,23.63,91,100,4.69,AR,1699550355
184,krasnokuts'k,50.066,35.1628,8.19,69,93,5.93,UA,1699550356
185,talnakh,69.4865,88.3972,-5.44,91,100,8.08,RU,1699550356
186,petropavlovsk-kamchatsky,53.0452,158.6483,-1.67,73,20,9.39,RU,1699550357
187,hadibu,12.65,54.0333,26.82,73,16,4.35,YE,1699550358
188,praia da vitoria,38.7333,-27.0667,21.14,88,40,8.92,PT,1699550359
189,risod,19.9667,76.7833,22.23,46,91,3.23,IN,1699550360
190,tarfaya,27.9358,-12.9218,20.91,74,58,9.09,MA,1699550360
191,andergrove,-21.0833,149.1833,18.14,73,3,3.23,AU,1699550361
192,fredericton,45.9454,-66.6656,3.79,69,100,1.54,CA,1699550196
193,san antonio de pale,-1.4014,5.6325,26.12,79,22,4.56,GQ,1699550362
194,makokou,0.5738,12.8642,22.57,97,97,0.9,GA,1699550362
195,tuban,-6.8976,112.0649,27.42,73,99,3.15,ID,1699550363
196,sinabang,2.4803,96.3801,25.93,83,100,0.26,ID,1699550363
197,torghay,49.6339,63.4981,7.88,62,95,3.51,KZ,1699550364
198,pacasmayo,-7.4006,-79.5714,21.99,69,57,5.87,PE,1699550365
199,cintalapa de figueroa,16.7333,-93.7167,25.97,71,93,0.3,MX,1699550370
200,porbandar,21.6422,69.6093,28.27,59,6,2.86,IN,1699550371
201,qaqortoq,60.7167,-46.0333,-0.3,86,97,2.12,GL,1699550220
202,copiapo,-27.3667,-70.3333,16.83,35,85,4.41,CL,1699550094
203,bir el ater,34.7449,8.0602,15.26,54,100,3.89,DZ,1699550372
204,saudarkrokur,65.7461,-19.6394,-2.08,82,5,3.12,IS,1699550373
205,strezhevoy,60.7333,77.5889,-3.91,96,91,4.02,RU,1699550373
206,egilsstadir,65.2653,-14.3948,1.95,93,75,3.09,IS,1699550374
207,salekhard,66.53,66.6019,-3.21,97,100,3.19,RU,1699550375
208,nenjiang,49.1833,125.2167,-16.21,97,93,1.98,CN,1699550375
209,sirinhaem,-8.5908,-35.1161,29.01,51,5,4.37,BR,1699550376
210,tanout,14.9709,8.8879,30.99,11,84,3.87,NE,1699550377
211,yarumal,6.9632,-75.4174,21.0,63,28,1.67,CO,1699550377
212,puerto baquerizo moreno,-0.9,-89.6,25.55,89,75,6.69,EC,1699550378
213,noumea,-22.2763,166.4572,15.99,67,82,4.84,NC,1699550378
214,georgetown,5.4112,100.3354,26.12,97,40,1.54,MY,1699550188
215,hamilton,39.1834,-84.5333,16.62,63,40,5.14,US,1699550236
216,lautoka,-17.6167,177.4667,23.92,88,75,1.54,FJ,1699550380
217,punta del este,-34.9667,-54.95,21.06,46,0,5.66,UY,1699550381
218,revda,56.801,59.9303,-1.99,98,59,1.39,RU,1699550381
219,ribeira grande,38.5167,-28.7,21.22,94,75,9.39,PT,1699550382
220,pisco,-13.7,-76.2167,21.03,78,100,3.09,PE,1699550382
221,tottori,35.5,134.2333,18.09,87,97,3.74,JP,1699550339
222,bardai,11.65,7.2333,27.31,22,40,1.15,NG,1699550383
223,nova sintra,14.8667,-24.7167,22.67,67,99,6.62,CV,1699550384
224,vilyuchinsk,52.9306,158.4028,-0.85,81,77,3.4,RU,1699550384
225,longridge,53.8333,-2.5833,6.97,95,82,2.9,GB,1699550385
226,the pas,53.8251,-101.2541,-0.99,80,100,2.57,CA,1699550385
227,preobrazheniye,42.9019,133.9064,5.97,75,99,4.51,RU,1699550386
228,puerto real,36.5282,-6.1901,19.58,77,0,4.12,ES,1699550386
229,aasiaat,68.7098,-52.8699,-4.72,76,99,4.57,GL,1699550387
230,novokhopersk,51.0969,41.6252,5.93,88,100,10.23,RU,1699550387
231,kupang,-10.1667,123.5833,26.32,83,21,0.0,ID,1699550388
232,pocone,-16.2567,-56.6228,40.31,24,78,2.29,BR,1699550166
233,scarborough,54.2797,-0.4044,7.76,85,66,1.79,GB,1699549742
234,candon,17.1947,120.4517,25.12,83,90,1.88,PH,1699550389
235,antalaha,-14.9003,50.2788,25.0,87,61,1.51,MG,1699550390
236,alaghsas,17.0187,8.0168,32.94,9,0,4.12,NE,1699550390
237,tahe,52.3333,124.7333,-9.7,87,100,2.93,CN,1699550390
238,miandrivazo,-19.5167,45.4667,27.38,68,97,3.86,MG,1699550391
239,kokopo,-4.352,152.2633,25.08,88,99,2.14,PG,1699550392
240,zeya,53.75,127.2667,-6.4,62,100,1.94,RU,1699550392
241,nhamunda,-2.1861,-56.7131,38.87,27,11,2.56,BR,1699550393
242,puerto ayora,-0.7393,-90.3518,28.98,100,99,4.47,EC,1699550393
243,lisakovsk,52.5369,62.4936,4.94,77,100,2.55,KZ,1699550394
244,candelaria,13.9311,121.4233,25.22,95,9,1.97,PH,1699550394
245,kattivakkam,13.2167,80.3167,26.71,91,83,5.28,IN,1699550395
246,gaalkacyo,6.7697,47.4308,26.95,56,22,8.94,SO,1699550395
247,tarauaca,-8.1614,-70.7656,35.57,37,100,1.56,BR,1699550396
248,ornskoldsvik,63.2909,18.7153,0.53,100,100,2.06,SE,1699550396
249,lodja,-3.4833,23.4333,20.25,99,100,0.95,CD,1699550397
250,lae,-6.7221,146.9847,24.55,87,98,1.57,PG,1699550397
251,dingli,35.8614,14.3822,19.09,83,20,2.06,MT,1699550398
252,sal rei,16.1833,-22.9167,27.11,61,75,6.69,CV,1699550399
253,uturoa,-16.7333,-151.4333,26.35,80,15,6.79,PF,1699550117
254,howard springs,-12.497,131.047,28.26,78,38,2.18,AU,1699550287
255,ketchikan,55.3422,-131.6461,7.99,93,100,3.6,US,1699550400
256,cannonvale,-20.2833,148.7,22.66,74,1,4.47,AU,1699550278
257,bikenibeu village,1.3673,173.1241,28.77,75,95,4.22,KI,1699550401
258,hechuan,29.9947,106.2572,17.27,80,84,1.35,CN,1699550402
259,frolovo,49.7713,43.6622,7.44,84,95,9.67,RU,1699550403
260,paraiso,9.8383,-83.8656,26.48,51,20,1.94,CR,1699550307
261,polanica-zdroj,50.4037,16.5127,8.22,81,100,6.01,PL,1699550404
262,ingeniero guillermo n. juarez,-23.9,-61.85,36.66,37,82,1.17,AR,1699550405
263,lazaro cardenas,17.9583,-102.2,29.48,69,71,0.71,MX,1699550406
264,luderitz,-26.6481,15.1594,20.92,61,0,4.54,NA,1699550407
265,ebaye,8.7748,167.7392,27.01,89,40,9.26,MH,1699550407
266,lagonoy,13.7342,123.5207,24.87,94,2,1.02,PH,1699550408
267,mar del plata,-38.0023,-57.5575,23.24,62,0,6.69,AR,1699550287
268,gaspe,48.8334,-64.4819,3.95,87,100,3.09,CA,1699550165
269,al jadid,27.05,14.4,25.57,20,100,3.67,LY,1699550410
270,santa vitoria do palmar,-33.5189,-53.3681,20.49,49,0,4.14,BR,1699550411
271,bodo,67.28,14.405,1.02,75,0,6.17,NO,1699550411
272,kristiansund,63.1115,7.732,6.36,65,0,4.12,NO,1699550412
273,bilmak,47.3624,36.6511,8.73,69,85,5.3,UA,1699550413
274,freetown,8.484,-13.2299,27.8,76,94,3.34,SL,1699550414
275,canico,32.6333,-16.85,22.78,78,20,4.63,PT,1699550415
276,tete,-16.1564,33.5867,32.05,48,75,4.63,MZ,1699550415
277,huanren,41.2647,125.3667,-8.46,95,17,1.31,CN,1699550416
278,sosnytsya,51.5239,32.4999,4.81,93,12,3.13,UA,1699550416
279,togur,58.3631,82.8265,-7.7,88,20,4.02,RU,1699550417
280,haiku-pauwela,20.9219,-156.3051,25.02,69,20,4.12,US,1699550418
281,cockburn town,21.4612,-71.1419,29.98,66,40,7.2,TC,1699550419
282,tura,25.5198,90.2201,18.26,69,4,1.45,IN,1699550420
283,wanning,18.8003,110.3967,25.42,92,20,0.33,CN,1699550421
284,fortuna,40.5982,-124.1573,9.4,93,0,2.57,US,1699550269
285,myory,55.6217,27.6299,5.15,91,85,3.04,BY,1699550423
286,faya-largeau,17.9257,19.1043,30.12,19,6,4.89,TD,1699550423
287,grants pass,42.439,-123.3284,9.38,89,100,5.66,US,1699550210
288,port lincoln,-34.7333,135.8667,16.95,77,25,3.49,AU,1699550424
289,tommot,58.9564,126.2925,-17.11,95,100,2.5,RU,1699550425
290,daru,-9.0763,143.2092,24.52,80,97,4.37,PG,1699550426
291,goondiwindi,-28.55,150.3167,18.78,64,96,5.73,AU,1699550426
292,monrovia,6.3005,-10.7969,28.87,75,58,3.55,LR,1699550427
293,lebu,-37.6167,-73.65,13.57,68,0,7.94,CL,1699550428
294,iquitos,-3.7481,-73.2472,31.02,74,75,3.09,PE,1699550428
295,dauphin,51.1494,-100.0502,-0.92,86,100,5.66,CA,1699550429
296,boa viagem,-5.1275,-39.7322,36.88,22,0,3.97,BR,1699550430
297,floro,61.5996,5.0328,6.98,61,0,3.6,NO,1699550430
298,nykvarn,59.8,18.3,8.23,87,100,3.97,SE,1699550431
299,tucuma,-0.1833,-50.05,33.04,53,74,4.42,BR,1699550432
300,jerantut,3.936,102.3626,23.76,97,99,0.47,MY,1699550432
301,kargasok,59.0556,80.8572,-6.69,92,25,5.36,RU,1699550433
302,krapivinskiy,54.9992,86.8133,-10.26,99,59,1.28,RU,1699550434
303,acapulco de juarez,16.8634,-99.8901,29.62,68,65,2.03,MX,1699550261
304,chongwe,-15.3292,28.682,25.33,56,85,2.46,ZM,1699550436
305,olonkinbyen,70.9221,-8.7187,-1.62,69,100,2.99,SJ,1699550436
306,pagar alam,-4.0167,103.2667,21.61,76,74,0.83,ID,1699550437
307,coronel dorrego,-38.7187,-61.2873,27.83,11,0,0.33,AR,1699550339
308,tateyama,34.9833,139.8667,19.26,76,31,1.91,JP,1699550438
309,dapa,9.7594,126.0531,27.7,79,56,3.0,PH,1699550439
310,simrishamn,55.5565,14.3504,9.08,95,100,9.06,SE,1699550440
311,raja,8.4596,25.678,27.24,63,89,0.94,SS,1699550441
312,hasaki,35.7333,140.8333,13.22,72,14,2.92,JP,1699550441
313,sibiti,-3.6819,13.3499,22.46,96,62,1.61,CG,1699550442
314,shimoda,34.6667,138.95,14.5,73,54,1.04,JP,1699550442
315,amga,60.8953,131.9608,-25.08,100,100,0.69,RU,1699550443
316,cabedelo,-6.9811,-34.8339,31.37,59,22,6.9,BR,1699550443
317,yinzhu,35.8786,119.9753,7.67,44,100,8.5,CN,1699550444
318,al burayqah,30.4062,19.5739,23.09,66,100,4.25,LY,1699550443
319,fada,9.5667,8.3,25.7,45,63,1.58,NG,1699550445
320,vorgashor,67.5833,63.95,-0.58,97,100,5.77,RU,1699550445
321,ambon,-3.6954,128.1814,26.71,14,40,2.57,ID,1699550446
322,mwinilunga,-11.7358,24.4293,19.2,82,78,0.38,ZM,1699550447
323,vadso,70.0744,29.7487,-3.91,93,75,7.2,NO,1699550447
324,northam,51.0333,-4.2167,9.58,88,100,12.92,GB,1699550448
325,mil'kovo,55.6078,37.7956,6.3,88,99,2.94,RU,1699550448
326,sequeira,40.5536,-7.2259,10.09,83,99,2.31,PT,1699550450
327,homer,59.6425,-151.5483,-0.06,82,100,10.8,US,1699550451
328,kone,-21.0595,164.8658,18.58,75,55,1.88,NC,1699550451
329,kidal,18.4411,1.4078,32.49,9,54,3.0,ML,1699550452
330,sungai penuh,-2.0833,101.3833,18.37,96,99,0.82,ID,1699550452
331,ispir,40.4829,40.9956,12.32,44,99,1.86,TR,1699550453
332,nizhnesortymskiy,62.4397,71.7603,-2.64,88,100,5.57,RU,1699550453
333,belev,53.8119,36.1319,5.72,85,99,3.84,RU,1699550454
334,baotou,40.6522,109.8222,-6.37,19,58,2.79,CN,1699550454
335,katabu,-4.9333,122.5167,22.92,91,7,1.23,ID,1699550455
336,vila franca do campo,37.7167,-25.4333,21.23,99,98,5.18,PT,1699550456
337,tokar,18.4254,37.729,30.2,63,41,6.87,SD,1699550456
338,shahrak,34.1074,64.3052,3.26,42,0,1.15,AF,1699550457
339,aykhal,66.0,111.5,-12.84,91,100,1.83,RU,1699550457
340,chonchi,-42.6128,-73.8092,12.56,47,45,1.93,CL,1699550458
341,koya,34.2129,135.6224,12.51,90,78,2.03,JP,1699550458
342,arkhangel'sk,64.5401,40.5433,-5.49,97,87,0.37,RU,1699550459
343,sabzevar,36.2126,57.6819,13.98,47,70,1.24,IR,1699550459
344,pimentel,-6.8367,-79.9342,25.16,61,0,5.14,PE,1699550460
345,walvis bay,-22.9575,14.5053,17.27,78,9,2.99,NA,1699550347
346,mana,5.6592,-53.7767,30.58,61,8,5.17,GF,1699550461
347,usinsk,65.9939,57.5281,-1.34,97,100,6.16,RU,1699550461
348,kondoa,-4.9,35.7833,23.72,52,87,5.3,TZ,1699550462
349,adler,43.43,39.92,11.09,93,100,1.0,RU,1699550462
350,prachuap khiri khan,12.2167,99.75,27.6,94,76,0.8,TH,1699550463
351,valparaiso,-33.0393,-71.6273,21.13,59,0,7.2,CL,1699550219
352,altai,46.3722,96.2583,-11.43,89,95,1.73,MN,1699550464
353,al jabin,14.704,43.599,14.5,68,75,1.22,YE,1699550464
354,dwarka,22.2394,68.9678,27.81,68,1,4.37,IN,1699550465
355,sibenik,43.7272,15.9058,15.21,66,77,1.34,HR,1699550465
356,alesund,62.4723,6.1549,8.2,72,0,2.06,NO,1699550466
357,saskatoon,52.1168,-106.6345,-1.01,80,100,5.14,CA,1699550454
358,ilha de mocambique,-15.0342,40.7358,26.91,83,33,6.2,MZ,1699550467
359,fale old settlement,-9.3852,-171.2468,27.93,77,100,2.14,TK,1699550244
360,tevriz,57.509,72.4042,-2.14,88,81,2.32,RU,1699550468
361,kailua-kona,19.6406,-155.9956,23.61,79,0,2.68,US,1699550242
362,tirumullaivasal,11.2333,79.8333,26.79,83,68,4.12,IN,1699550469
363,sujiatun,41.6592,123.3392,-3.9,50,0,3.0,CN,1699550470
364,wuyang,31.9925,116.2472,11.76,88,100,6.67,CN,1699550471
365,chifeng,42.2683,118.9636,-7.76,57,0,5.64,CN,1699550471
366,kencong,-8.2833,113.3667,24.87,87,99,1.07,ID,1699550472
367,xilin hot,43.9667,116.0333,-15.05,87,7,4.44,CN,1699550473
368,san carlos,9.6612,-68.5827,30.8,66,22,1.9,VE,1699550474
369,troitskoye,52.9821,84.6757,-6.84,97,73,1.61,RU,1699550474
370,monze,-16.2833,27.4833,25.33,50,48,1.19,ZM,1699550475
371,san luis de la loma,17.2706,-100.8939,29.94,65,69,2.77,MX,1699550475
372,darwin,-12.4611,130.8418,28.3,75,75,3.6,AU,1699550408
373,necochea,-38.5473,-58.7368,19.64,39,0,4.17,AR,1699550476
374,clorinda,-25.2848,-57.7185,28.09,70,100,1.62,AR,1699550477
375,hithadhoo,-0.6,73.0833,27.35,81,77,3.73,MV,1699550477
376,kaa-khem,51.6833,94.7333,-14.77,86,10,2.04,RU,1699550478
377,ndele,8.4109,20.6473,27.78,59,71,1.33,CF,1699550478
378,sisimiut,66.9395,-53.6735,-3.11,85,100,5.07,GL,1699550479
379,vila do maio,15.1333,-23.2167,28.44,67,98,6.46,CV,1699550480
380,bam,29.106,58.357,19.51,35,0,2.03,IR,1699550480
381,coahuayana de hidalgo,18.7,-103.6583,30.43,64,69,1.09,MX,1699550481
382,brookings,44.3114,-96.7984,7.47,55,75,7.72,US,1699550332
383,prieska,-29.6641,22.7474,30.18,14,0,3.26,ZA,1699550481
384,zaozersk,69.4005,32.4476,-6.61,93,96,3.92,RU,1699550483
385,ca mau,9.1769,105.15,24.59,95,62,1.6,VN,1699550484
386,yeppoon,-23.1333,150.7333,19.88,76,3,4.8,AU,1699550485
387,ubari,26.5921,12.7805,24.97,20,95,3.12,LY,1699550485
388,aleksandrovsk-sakhalinskiy,50.8975,142.1561,0.31,89,100,3.3,RU,1699550486
389,davis,41.0005,-112.0013,7.88,64,0,5.66,US,1699550487
390,mkushi,-13.6202,29.3939,22.22,61,59,1.5,ZM,1699550487
391,nyurba,63.2842,118.3319,-17.74,90,48,3.52,RU,1699550488
392,alo,7.4178,6.7371,29.81,62,61,1.86,NG,1699550489
393,toliara,-23.35,43.6667,24.28,70,80,4.68,MG,1699550489
394,guajara mirim,-10.7828,-65.3394,37.17,33,98,1.79,BR,1699550490
395,waddan,29.1614,16.139,24.78,25,100,3.11,LY,1699550490
396,kavaratti,10.5669,72.642,28.29,74,100,2.64,IN,1699550366
397,letlhakeng,-24.0944,25.0298,30.55,19,1,1.72,BW,1699550492
398,kuala terengganu,5.3302,103.1408,24.97,100,20,1.54,MY,1699550477
399,zuni pueblo,35.0725,-108.8506,8.35,42,0,5.3,US,1699550493
400,westport,41.1415,-73.3579,16.05,75,100,3.09,US,1699550485
401,olinda,-8.0089,-34.8553,29.85,58,20,4.63,BR,1699550494
402,santa ana,33.7456,-117.8678,23.86,18,0,7.72,US,1699550431
403,el granada,37.5027,-122.4694,16.35,69,40,0.45,US,1699550495
404,cidade velha,14.9167,-23.6167,28.26,51,75,7.2,CV,1699550496
405,madalena,41.2162,-8.3345,13.5,83,89,2.56,PT,1699550496
406,cidreira,-30.1811,-50.2056,17.68,89,100,3.55,BR,1699550497
407,swakopmund,-22.6833,14.5333,17.47,77,10,2.68,NA,1699550498
408,ploudalmezeau,48.5333,-4.65,10.16,87,75,9.26,FR,1699550498
409,puerto aysen,-45.4,-72.7,10.97,89,98,1.85,CL,1699550499
410,saint-paul,-21.0096,55.2707,25.06,97,66,0.45,RE,1699550323
411,yanchep,-31.55,115.6833,16.08,60,100,7.65,AU,1699550500
412,veauche,45.5625,4.2785,12.05,70,75,3.09,FR,1699550500
413,mugia,43.1041,-9.2179,13.28,78,100,8.43,ES,1699550501
414,ta`u,-14.2336,-169.5144,27.26,81,100,4.7,AS,1699550502
415,kayangel,8.0823,134.7173,29.01,75,64,4.6,PW,1699550502
416,papao,-17.75,-149.55,23.7,84,30,7.44,PF,1699550503
417,gizo,-8.103,156.8419,27.08,84,99,7.01,SB,1699550504
418,michurinsk,52.8978,40.4907,5.7,92,100,9.07,RU,1699550504
419,forster,-32.1667,152.5167,17.43,96,98,5.88,AU,1699550505
420,keflavik,64.0049,-22.5624,4.24,75,0,1.03,IS,1699550506
421,tawau,4.2498,117.8871,26.07,87,98,1.15,MY,1699550506
422,kvissleby,62.2936,17.375,0.91,88,100,4.41,SE,1699550507
423,saipan,15.1355,145.701,27.39,83,0,3.09,MP,1699550507
424,timbuktu,16.7735,-3.0074,33.63,12,1,2.82,ML,1699550508
425,sitka,57.0531,-135.33,7.94,76,100,7.2,US,1699550508
426,port macquarie,-31.4333,152.9167,18.27,89,100,6.06,AU,1699550509
427,sao felix do xingu,-6.6447,-51.995,34.83,37,95,1.54,BR,1699550509
428,bereznik,62.8551,42.7072,0.12,74,100,1.76,RU,1699550510
429,abadan,30.3392,48.3043,21.97,43,0,1.03,IR,1699550317
430,mo i rana,66.3128,14.1428,-4.74,93,0,0.0,NO,1699550400
431,dera ismail khan,31.8327,70.9024,25.67,34,35,2.97,PK,1699550511
432,lorengau,-2.0226,147.2712,26.56,85,100,5.1,PG,1699550512
433,santa terezinha,-29.9002,-50.0904,18.41,94,100,4.48,BR,1699550513
434,fort st. john,56.2499,-120.8529,-2.06,86,75,4.63,CA,1699550514
435,chihuahua,28.5,-106.0,15.67,62,100,0.7,MX,1699550311
436,pudozh,61.8099,36.5345,-0.59,90,90,1.34,RU,1699550515
437,ciudad guayana,8.3533,-62.6528,33.62,63,67,2.91,VE,1699550515
438,jaciara,-15.9653,-54.9683,36.0,30,53,2.81,BR,1699550516
439,pont rouge,48.8833,-72.0825,-5.84,81,100,3.89,CA,1699550517
440,nahrin,36.0649,69.1334,6.78,77,43,1.99,AF,1699550519
441,lijiang,26.8688,100.2207,5.34,68,3,1.96,CN,1699550520
442,roosevelt,33.9668,-103.4505,7.17,44,91,6.24,US,1699550325
443,onega,63.9061,38.1404,-0.95,89,100,1.18,RU,1699550521
444,palmwoods,-26.6833,152.9667,20.36,93,13,0.31,AU,1699550522
445,de aar,-30.6497,24.0123,26.65,14,0,7.89,ZA,1699550523
446,coron,11.9986,120.2043,26.22,87,15,1.29,PH,1699550524
447,sirhind,30.6456,76.3825,21.59,37,2,2.74,IN,1699550526
448,avanigadda,16.0215,80.9181,25.53,84,30,2.03,IN,1699550527
449,machico,32.7,-16.7667,22.78,76,20,4.63,PT,1699550528
450,albertina,-22.2008,-46.6158,32.27,26,16,2.5,BR,1699550529
451,ceeldheer,3.8488,47.1806,27.85,76,22,7.68,SO,1699550531
452,puerto deseado,-47.7503,-65.8938,13.24,45,0,3.73,AR,1699550496
453,rikaze,29.25,88.8833,2.18,37,0,1.81,CN,1699550536
454,vernon,50.2581,-119.2691,6.27,93,100,2.57,CA,1699550419
455,taoudenni,22.6783,-3.9836,29.77,9,0,4.99,ML,1699550538
456,tual,-5.6667,132.75,27.17,79,87,2.6,ID,1699550541
457,shush,32.1942,48.2436,25.45,29,0,1.35,IR,1699550543
458,luorong,24.4058,109.6086,22.65,93,84,1.35,CN,1699550545
459,dudinka,69.4058,86.1778,-5.18,90,100,12.52,RU,1699550546
460,sariveliler,36.6913,32.6196,10.5,78,61,0.45,TR,1699550549
461,huarmey,-10.0681,-78.1522,22.32,71,78,4.83,PE,1699550431
462,newport,51.5877,-2.9984,9.34,88,94,10.72,GB,1699550552
463,boguchany,58.3814,97.4531,-13.97,94,5,1.34,RU,1699550553
464,pirenopolis,-15.8525,-48.9592,35.51,18,1,2.13,BR,1699550554
465,pergamino,-33.89,-60.5736,26.21,28,1,4.87,AR,1699550556
466,stony plain,53.5334,-114.0021,2.89,73,0,1.03,CA,1699550421
467,las vegas,36.175,-115.1372,16.45,24,0,12.52,US,1699550105
468,nieuw amsterdam,5.8833,-55.0833,35.57,54,40,2.06,SR,1699550559
469,neryungri,56.6709,124.6491,-22.23,98,95,1.78,RU,1699550562
470,nabire,-3.3667,135.4833,24.21,93,97,1.55,ID,1699550565
471,linda,39.1277,-121.5508,17.75,49,0,2.06,US,1699550566
472,dalandzadgad,43.5708,104.425,-8.79,23,79,3.43,MN,1699550567
473,atchison,39.563,-95.1216,12.75,54,99,2.29,US,1699550568
474,whakatane,-37.9585,176.9854,9.73,95,94,1.79,NZ,1699550460
475,okhotsk,59.3833,143.3,-19.49,85,9,5.76,RU,1699550570
476,tofol,5.3248,163.0078,28.24,80,100,6.28,FM,1699550317
477,viedma,-40.8135,-62.9967,26.22,15,0,3.46,AR,1699550571
478,trapani,37.8333,12.6667,17.05,72,20,1.54,IT,1699550572
479,sainte-anne-des-monts,49.124,-66.4924,2.93,81,98,7.2,CA,1699550573
480,baruun-urt,46.6806,113.2792,-19.04,88,16,2.54,MN,1699550573
481,codrington,-38.2667,141.9667,9.3,91,61,2.82,AU,1699550574
482,roma,43.2128,-75.4557,11.51,93,100,0.0,US,1699550466
483,takab,36.4009,47.1133,11.11,41,42,1.69,IR,1699550575
484,shalqar,47.8333,59.6,8.41,62,28,2.69,KZ,1699550576
485,colchani,-20.3,-66.9333,20.8,23,86,7.0,BO,1699550576
486,danghara,38.0958,69.34,10.12,73,26,0.66,TJ,1699550577
487,raduzhny,62.0961,77.475,-4.32,90,53,5.85,RU,1699550578
488,kanniyakumari,8.0833,77.5667,27.24,79,90,1.47,IN,1699550578
489,saint-philippe,-21.3585,55.7679,24.77,80,79,5.08,RE,1699550579
490,kenai,60.5544,-151.2583,1.05,98,100,3.09,US,1699550473
491,puerto berrio,6.4916,-74.4033,33.97,53,86,1.0,CO,1699550580
492,barra de santo antonio,-9.4047,-35.5072,30.6,56,17,5.21,BR,1699550581
493,manta,-0.95,-80.7333,29.88,58,20,6.17,EC,1699550581
494,queenstown,-31.8976,26.8753,18.13,55,1,3.5,ZA,1699550582
495,yuzhno-kurilsk,44.0306,145.8556,12.43,88,95,10.59,RU,1699550579
496,khovd,48.0056,91.6419,-3.6,81,75,1.19,MN,1699550583
497,zavetnoye,47.1194,43.8903,10.27,79,100,9.37,RU,1699550583
498,isangel,-19.55,169.2667,22.21,75,97,6.57,VU,1699550584
499,tarawa,1.419,172.984,28.82,75,96,4.04,KI,1699550585
500,muisne,0.6,-80.0333,25.65,85,100,5.57,EC,1699550585
501,verkhnevilyuysk,63.4453,120.3167,-19.05,92,33,2.44,RU,1699550586
502,port saint john's,-31.6229,29.5448,19.01,79,61,0.4,ZA,1699550448
503,tsiombe,-25.3,45.4833,23.78,62,40,5.17,MG,1699550587
504,jabor,5.921,169.6434,27.45,81,100,6.85,MH,1699550589
505,buritis,-15.6178,-46.4233,36.37,14,1,2.82,BR,1699550589
506,bengkulu,-3.8004,102.2655,23.63,94,83,1.51,ID,1699550590
507,nar'yan-mar,67.6713,53.087,0.62,100,100,4.02,RU,1699550591
508,tolmezzo,46.4075,13.0175,9.68,94,100,0.95,IT,1699550591
509,mariehamn,60.0973,19.9348,5.92,100,100,3.6,AX,1699550592
510,calp,38.6447,0.0445,20.7,55,71,3.74,ES,1699550592
511,laguna,38.421,-121.4238,16.46,65,0,2.57,US,1699550574
512,porto velho,-8.7619,-63.9039,35.03,43,40,2.06,BR,1699550594
513,dahab,28.501,34.5134,28.21,40,0,0.82,EG,1699550594
514,igrim,63.1906,64.4162,-0.51,93,100,2.85,RU,1699550595
515,nuuk,64.1835,-51.7216,-2.66,80,75,3.09,GL,1699550596
516,biankouma,7.7391,-7.6138,25.26,80,100,0.79,CI,1699550597
517,porto san giorgio,43.1827,13.7934,15.0,70,76,3.46,IT,1699550597
518,george town,5.4112,100.3354,26.12,97,40,1.54,MY,1699550498
519,olyokminsk,60.3736,120.4264,-19.64,98,81,1.66,RU,1699550598
520,belyy yar,53.6039,91.3903,-16.06,85,28,1.0,RU,1699550599
521,puerto maldonado,-12.6,-69.1833,31.22,62,75,3.09,PE,1699550600
522,mbarara,-0.608,30.65,18.58,88,94,0.26,UG,1699550600
523,breves,-1.6822,-50.4803,37.25,33,29,2.99,BR,1699550601
524,shillong,25.5689,91.8831,11.28,93,27,0.09,IN,1699550602
525,malvan,16.0667,73.4667,26.4,79,93,1.28,IN,1699550602
526,chinsali,-10.5414,32.0816,27.12,27,85,3.26,ZM,1699550603
527,joao pinheiro,-17.7425,-46.1725,34.98,15,1,1.5,BR,1699550604
528,santa elena de uairen,4.6167,-61.1333,27.66,55,42,2.82,VE,1699550604
529,khunti,23.0833,85.2833,18.06,60,2,1.56,IN,1699550605
530,taro,-8.3862,115.28,23.0,94,100,0.38,ID,1699550606
531,rundu,-17.9333,19.7667,32.91,23,100,1.21,NA,1699550607
532,plettenberg bay,-34.0527,23.3716,15.82,74,0,2.57,ZA,1699550607
533,maardu,59.4767,25.025,7.23,94,100,2.57,EE,1699550608
534,sakaraha,-22.9,44.5333,21.86,78,76,4.57,MG,1699550609
535,duba,27.3513,35.6901,29.91,40,0,3.41,SA,1699550609
536,ujjain,23.1833,75.7667,22.92,43,0,2.74,IN,1699550610
537,newark,40.7357,-74.1724,15.7,66,100,2.57,US,1699550312
538,granite shoals,30.5891,-98.3839,18.9,96,100,4.12,US,1699550611
539,maragogi,-9.0122,-35.2225,28.51,54,17,4.81,BR,1699550612
540,radomsko,51.0671,19.4448,7.79,71,99,3.83,PL,1699550612
541,chemodanovka,53.2316,45.2474,4.35,95,100,5.81,RU,1699550613
542,mersing,2.4312,103.8405,22.95,100,20,2.57,MY,1699550614
543,sarankhola,22.3082,89.7897,20.76,62,17,1.19,BD,1699550615
544,richfield,44.8833,-93.283,8.32,49,0,11.32,US,1699550327
545,oleszyce,50.1675,23.0348,7.33,71,74,4.58,PL,1699550616
546,genhe,50.7833,121.5167,-19.66,100,51,1.13,CN,1699550616
547,polyarnyy,69.1989,33.4478,-6.06,91,90,4.21,RU,1699550617
548,muravlenko,63.7898,74.523,-3.56,84,83,7.09,RU,1699550618
549,thunder bay,48.4001,-89.3168,2.99,81,100,4.63,CA,1699550559
550,pyin oo lwin,22.0333,96.4667,16.6,91,6,1.12,MM,1699550619
551,rancho palos verdes,33.7445,-118.387,22.82,26,0,1.54,US,1699550620
552,kerikeri,-35.2268,173.9474,11.27,88,100,1.52,NZ,1699550620
553,sable-sur-sarthe,47.8376,-0.3329,10.52,76,94,7.39,FR,1699550621
554,hami,42.8,93.45,3.01,27,30,0.56,CN,1699550622
555,margate,51.3813,1.3862,8.28,82,100,3.13,GB,1699550352
556,mwene-ditu,-7.0,23.45,18.84,96,100,1.12,CD,1699550622
557,punta gorda,26.9298,-82.0454,30.56,64,0,2.68,US,1699550567
558,newman,37.3138,-121.0208,13.46,53,9,0.94,US,1699550623
559,mount gambier,-37.8333,140.7667,9.08,95,98,1.84,AU,1699550624
560,eastham,41.8301,-69.9739,8.3,81,100,2.24,US,1699550625
561,inarajan village,13.2736,144.7484,28.08,94,56,8.41,GU,1699550625
562,chokwe,-24.5333,32.9833,22.72,67,2,6.0,MZ,1699550626
563,metro,-5.1131,105.3067,24.05,89,97,3.02,ID,1699550627
564,namibe,-15.1961,12.1522,21.4,72,21,4.49,AO,1699550628
565,la ligua,-32.4524,-71.2311,22.33,48,52,3.47,CL,1699550628
566,patti,31.2808,74.8572,21.04,37,4,3.01,IN,1699550629
567,mao,39.8885,4.2658,15.31,94,40,3.09,ES,1699550446
568,bandarbeyla,9.4942,50.8122,26.75,80,93,7.26,SO,1699550630
